country,sector,year,gva,hours,capital,tfp,tfp_growth,exports,export_share
AT,A,2014,4210.8,435834,33133.0,0.02261171076101321,0.020255694438154004,142.03171,3.3730338652987557
AT,A,2015,3912.2,416177,33443.8,0.02160133462012472,-0.04468375487230136,142.44404,3.641021420172793
AT,A,2016,4087.6,413752,33774.7,0.022584855921514546,0.04553058034078772,155.61874,3.8070931598003717
AT,A,2017,4407.2,406137,34363.1,0.0245155519569584,0.08548631180793387,161.64020000000002,3.6676393174804875
AT,A,2018,4250.5,393352,35309.5,0.023940448937419458,-0.02345870166613595,140.2368,3.2993012586754493
AT,A,2019,4133.7,380631,36186.1,0.023609260455078843,-0.01383384594024717,134.17961,3.245992936110506
AT,A,2020,4074.7,403537,37312.7,0.022153435455631657,-0.06166330377934426,133.29431,3.271266841730679
AT,A,2021,4936.7,405195,40400.7,0.02607314804064241,0.17693475094917255,253.20217000000002,5.128976239188122
AT,A,2022,6050.9,395438,43438.6,0.031716001264372407,0.2164239321977539,302.7768,5.003830835082384
AT,A,2023,5933.6,361630,45097.6,0.03261447947478038,0.028328861602653133,266.85037,4.497276021302413
AT,C,2014,56735.9,1038599,100200.6,0.11818181326896099,0.021704472425838395,90699.31551,159.86230148812302
AT,C,2015,58985.2,1037511,102886.0,0.12188502963246473,0.03133490899378799,92951.55234000001,157.5845336457281
AT,C,2016,62839.8,1041908,106593.8,0.12797866415575332,0.04999493819432543,93587.02562,148.92954086422935
AT,C,2017,64066.2,1050800,111075.4,0.12798427713802812,4.385873467138701e-05,99489.20709000001,155.291256684492
AT,C,2018,66380.5,1071936,116554.7,0.12878715648957573,0.006273265509650905,110910.72679,167.0832952297738
AT,C,2019,67674.9,1083034,122239.9,0.12836219546731845,-0.0032997158555300166,114779.59964,169.60438750555969
AT,C,2020,63122.6,1023216,126399.0,0.1230074377832884,-0.04171600263251485,104744.39712000001,165.93802714083387
AT,C,2021,68975.9,1073982,135956.6,0.1270302891658697,0.03270413118976312,123691.56676999999,179.32577432117597
AT,C,2022,74829.2,1090035,147010.8,0.13297216992711924,0.04677530689937215,141170.25996999998,188.65664736493238
AT,C,2023,76173.9,1100168,154854.8,0.1322371601425576,-0.005527545989243432,145608.24944999997,191.1524150004135
AT,F,2014,18500.9,474485,30045.1,0.09693006039111376,0.02503903351070602,382.55628,2.0677711895096995
AT,F,2015,18846.3,472244,29951.4,0.09915552706615591,0.022959509836910863,371.92609999999996,1.9734701241092414
AT,F,2016,19653.4,474990,30044.2,0.10289590425561944,0.03772232673391951,350.79228,1.7848936061953657
AT,F,2017,20873.1,485052,30250.3,0.10751473693023919,0.04488840161358998,390.05748,1.8687089124279577
AT,F,2018,22084.0,494867,30677.7,0.11171691251783124,0.03908464744064455,499.38228999999995,2.26128550081507
AT,F,2019,22949.8,514344,31219.0,0.11248139010255863,0.006842988832200136,648.96227,2.8277469520431553
AT,F,2020,23778.8,496448,31808.8,0.1186079793231656,0.05446758094846493,432.36968,1.8182989890154255
AT,F,2021,24531.2,538565,33913.8,0.11343968675097392,-0.04357457737400505,444.15749,1.8105819935429166
AT,F,2022,26422.3,540757,36422.5,0.11901649618373955,0.049161008748269897,525.8111700000001,1.9900280066459017
AT,F,2023,28395.0,531566,37679.7,0.12793904319677915,0.07496899420786862,567.7194000000001,1.9993639725303751
AT,J,2014,10467.4,203407,16339.8,0.11826663718776269,-0.0010499386585317572,276.15725,2.638260217436995
AT,J,2015,10827.7,200827,17115.7,0.12151367824220224,0.0274552581492995,338.4427,3.125711831690941
AT,J,2016,11630.0,205130,18343.9,0.12576735042723525,0.03500570673660741,340.51845000000003,2.9279316423043853
AT,J,2017,11869.0,211284,18703.8,0.12503069649943227,-0.005857274764082598,345.60828999999995,2.911856853989384
AT,J,2018,12896.5,220822,19475.6,0.13014620718385886,0.04091403813342609,425.82117,3.3018351490714535
AT,J,2019,13689.9,233308,20284.3,0.13137859554855438,0.009469260698120152,617.01013,4.507046289600362
AT,J,2020,13703.2,215077,21002.2,0.13728928895386278,0.04498977463283915,460.79282,3.36266580068889
AT,J,2021,15276.3,234599,21885.8,0.14244462067291214,0.03755086619162151,533.72726,3.4938254682089247
AT,J,2022,15865.8,238612,23528.1,0.14281850552576045,0.002624773410761838,463.62696,2.922178270241652
AT,J,2023,16885.9,250973,25118.7,0.14380535520743465,0.006909816609838471,595.0010100000001,3.523655890417449
AT,K,2014,12969.1,212054,22650.1,0.12794330463250864,0.019688057907634615,201.11506,1.5507248768226014
AT,K,2015,13499.8,206600,23371.0,0.13413018217837133,0.04835639945078207,148.18523000000002,1.097684632364924
AT,K,2016,13242.6,212080,23563.6,0.12893734121113382,-0.03871493263411718,173.27453,1.3084630661652545
AT,K,2017,13764.6,199925,24086.3,0.13841989167310875,0.07354386536051916,159.22036,1.1567380090957964
AT,K,2019,14836.8,203981,26467.9,0.14269793954331558,0.00229585038026614,100.919,0.6801938423379705
AT,K,2020,14659.1,198249,28101.5,0.1408948756678744,-0.012635528454101208,136.35664000000003,0.9301842541493
AT,L,2014,27715.8,113452,603593.1,0.14072059608668397,0.045449118944127065,264.00553,0.9525452269102823
AT,L,2015,28934.9,113070,623528.3,0.14567220600482134,0.03518752802245939,146.89466000000002,0.5076729485845812
AT,L,2016,30097.2,111291,644749.9,0.15146027488795202,0.03973351569165584,99.411,0.33029982855548023
AT,L,2017,31749.8,110888,669862.3,0.15815871146736282,0.04422569934173293,168.64389000000003,0.5311652041902627
AT,L,2019,34265.4,120782,731485.5,0.15657644652741062,0.012741375197997451,122.33292,0.3570158819100317
AT,L,2020,35353.5,113191,777932.2,0.16533609186041495,0.055944846924794955,113.2974,0.3204701090415376
AT,TOTAL,2014,293480.3,6916021,1185301.1,0.07594719951493903,0.016497802385358584,129682.01315,44.18763819922496
AT,TOTAL,2015,303845.6,6863767,1217227.9,0.07833995695619582,0.031505538802469424,133525.1323,43.945060353021404
AT,TOTAL,2016,315923.9,7011041,1254859.9,0.07950085014090354,0.014818659976502557,134136.78178,42.45857365650398
AT,TOTAL,2017,326371.6,7080960,1299363.5,0.08065281076900957,0.014489915844476453,145026.58839,44.436031931087136
AT,TOTAL,2018,341351.6,7225844,1354340.3,0.08208738461873355,0.01778702857402714,147103.16687000002,43.09432469922509
AT,TOTAL,2019,352742.6,7344462,1412069.3,0.0827584286378731,0.008174752092009019,150498.3522,42.66520465631313
AT,TOTAL,2020,340529.9,6696917,1482375.2,0.08363785195413688,0.010626389731393848,140145.44607,41.155107398792296
AT,TOTAL,2021,362536.8,7028656,1618318.7,0.08374454484456813,0.0012756531634714463,161841.78096,44.641476661127925
AT,TOTAL,2022,402767.1,7209012,1760431.9,0.08896575952333617,0.062346922876692856,188902.32149,46.901130079889846
AT,TOTAL,2023,429634.3,7254303,1843921.9,0.09306894705617014,0.04612097457289366,194831.02176,45.34810692721694
DE,A,2013,26576.0,1169964,149783.0,0.044762198400725754,0.05345983239155272,1520.46812,5.721207555689343
DE,A,2014,27326.0,1144881,152149.0,0.0464577130338307,0.037878269917088314,1474.11219,5.39454069384469
DE,A,2015,21872.0,1127356,153216.0,0.03748497397163618,-0.19313776930131143,1412.27523,6.457000868690563
DE,A,2016,23342.0,1103561,154092.0,0.040503922541027,0.08053756611049456,1505.35678,6.449133664638848
DE,A,2017,28665.0,1060775,155897.0,0.05088009237943581,0.2561769129372258,1569.26133,5.474485714285715
DE,A,2018,25496.0,1047303,160097.0,0.04524568041328276,-0.11073902783302159,1658.86205,6.506361978349545
DE,A,2019,29470.0,1016062,163345.0,0.05301742939016093,0.17176775563743374,1725.12906,5.8538481845945025
DE,A,2020,25144.0,971364,164980.0,0.04646608650689815,-0.12356960642227188,1771.84202,7.046778635062043
DE,A,2021,27761.0,980111,173291.0,0.050174678344626855,0.07981287249525826,1939.70614,6.987162350059436
DE,A,2022,39680.0,969462,194644.0,0.06952588036847371,0.3856766532897793,2272.7372400000004,5.7276644153225815
DE,A,2023,39204.0,951254,205988.0,0.06828163226217113,-0.017896186279243165,2442.42856,6.230049382716049
DE,C,2013,566418.0,10828024,719467.0,0.1279898369140658,0.0008645233689270615,749990.54862,132.40937763630393
DE,C,2014,600184.0,11004039,736328.0,0.13314073755576436,0.0402446066491744,775199.7035,129.16034141196698
DE,C,2015,621665.0,11100112,755435.0,0.13595088579556536,0.021106599613240018,824033.17764,132.55260914479663
DE,C,2016,652239.0,11083494,774897.0,0.1415868329890843,0.04145575926584222,825838.85944,126.61598883844727
DE,C,2017,669711.0,11101223,804536.0,0.14343626545303853,0.013062178346038733,869313.45024,129.80426635369585
DE,C,2018,680125.0,11229531,841579.0,0.14241808470623019,-0.007098488960183502,930533.96361,136.81807956037494
DE,C,2019,683030.0,11186824,874926.0,0.14156493146888433,-0.005990483856777584,931164.3469700001,136.32846975535483
DE,C,2020,639332.0,10472567,889609.0,0.13773842357139893,-0.027030055097553962,843918.9648600001,132.000113377713
DE,C,2021,683907.0,10645407,922019.0,0.1440237685412795,0.04563247354593436,945355.96172,138.22873018115035
DE,C,2022,730927.0,10561956,991296.0,0.15108389789004975,0.049020584729017935,1065631.51058,145.79178366375848
DE,C,2023,799148.0,10508156,1038456.0,0.16322864715566363,0.08038414043601216,1094181.79172,136.91854221245626
DE,F,2013,107809.0,3896309,48969.0,0.11728520671150659,0.028308286524534765,2240.46317,2.078178231873035
DE,F,2014,111828.0,3938698,50722.0,0.11938491608309698,0.01790259343409928,2197.99843,1.9655170708588192
DE,F,2015,113982.0,3935060,52209.0,0.12060432686993758,0.010214111018781002,2062.06092,1.8091110175290834
DE,F,2016,120757.0,3949015,54156.0,0.1259393533594943,0.044235780158286886,1494.91642,1.237954255239862
DE,F,2017,127357.0,3965160,56838.0,0.13036389878491383,0.03513234987629055,1249.62147,0.9811957489576546
DE,F,2018,137055.0,4012287,60593.0,0.13627708646319284,0.04535908893024998,1847.59998,1.3480719273284447
DE,F,2019,143419.0,4038185,64311.0,0.13922838701988044,0.021656616187525568,1887.76951,1.3162617993431833
DE,F,2020,154717.0,3979019,67958.0,0.1489528141377869,0.06984514671219966,1365.74609,0.8827382188124124
DE,F,2021,162155.0,4082325,72954.0,0.14990498052300838,0.006392402793683916,1447.19151,0.89247418210971
DE,F,2022,173942.0,4083651,82266.0,0.15451802866130862,0.030773147911467902,1623.2302,0.9332019868691862
DE,F,2023,187208.0,4053085,90463.0,0.16198416120661355,0.04831884415034904,1725.92454,0.9219288385111747
DE,J,2013,120807.0,1796111,144082.0,0.15464919497240665,0.03465678970337538,3305.6233199999997,2.7362845861580865
DE,J,2014,125427.0,1826297,144905.0,0.15848226903123425,0.0247856062846723,3022.7522000000004,2.409969304854617
DE,J,2015,128329.0,1846077,148419.0,0.1597150717669121,0.00777880543491527,3471.9025,2.7054699249585052
DE,J,2016,129800.0,1892418,150944.0,0.15800252355425307,-0.010722521010154473,3681.0134500000004,2.835911748844376
DE,J,2017,137066.0,1946584,154006.0,0.1626407271466186,0.029355250081008366,5969.54701,4.355235441320239
DE,J,2018,148381.0,1990080,159436.0,0.1715068720733834,0.054513682288029,4722.0114699999995,3.1823558744044043
DE,J,2019,155567.0,2056912,169217.0,0.17245525502929765,0.005529708194482508,4343.52421,2.792060147717703
DE,J,2020,155462.0,2029977,172645.0,0.17272069634490392,0.0015391894875060874,3885.69783,2.499451846753548
DE,J,2021,167800.0,2138895,182408.0,0.17677487298004213,0.02347244262518755,4347.40514,2.5908254707985696
DE,J,2022,168244.0,2240287,205310.0,0.16524974568807102,-0.06519663738223869,4620.35396,2.7462221297639147
DE,J,2023,185650.0,2296081,217124.0,0.17608401895213782,0.06556302534055214,5098.656599999999,2.7463811473202258
DE,K,2013,119300.0,1789568,145068.0,0.15274975075982428,-0.026709661054243106,2081.53935,1.7447940905280803
DE,K,2014,120155.0,1777723,149113.0,0.1531344097854307,0.0025182301358464,1994.2908400000001,1.6597651699887646
DE,K,2015,124832.0,1771963,153615.0,0.15788403511619079,0.03101605535565244,2539.88006,2.034638602281466
DE,K,2016,122325.0,1741613,154351.0,0.15626779928880155,-0.01023685406950614,1948.02233,1.5924973063560186
DE,K,2017,121140.0,1682489,160683.0,0.15628938976296047,0.00013816329568339114,3116.99508,2.5730519068845963
DE,K,2018,120446.0,1625658,167490.0,0.1568507125989501,0.0035915607376864056,824.7702800000001,0.6847635288843134
DE,K,2019,125949.0,1603107,174053.0,0.16347258954870464,0.04221770395577318,820.5085600000001,0.651460956418868
DE,K,2020,128334.0,1559777,180132.0,0.16774317552563225,0.02612417157345659,1162.62848,0.9059395639503173
DE,K,2021,138836.0,1592568,195362.0,0.17422850583094246,0.038662260237938506,1344.09687,0.9681184058889627
DE,K,2022,135040.0,1556795,223894.0,0.16449525019375252,-0.05586488612049689,1016.03506,0.7523956309241706
DE,K,2023,149169.0,1559041,238900.0,0.17768579078197488,0.08018797243498366,614.54493,0.4119789835689721
DE,L,2013,287595.0,583427,4929694.0,0.24374727712466696,0.0290215978150552,1456.60202,0.5064768233105582
DE,L,2014,293879.0,585633,5092553.0,0.24579367723810686,0.008395581429995858,1942.2143600000002,0.660889127838328
DE,L,2015,304542.0,579409,5225776.0,0.2543649841317761,0.03487195842456914,1594.88581,0.5236997885349147
DE,L,2016,311455.0,578423,5386058.0,0.2578525008344241,0.013710679221638822,1689.15365,0.542342762196786
DE,L,2017,317987.0,586683,5603505.0,0.2573874075759818,-0.001803718237896823,1606.76259,0.5052919113045502
DE,L,2018,322425.0,588646,5901879.0,0.2559762054794383,-0.005482793854733936,872.41495,0.27057918895867256
DE,L,2019,329105.0,588254,6193512.0,0.2572686101605629,0.005048925069828236,755.9520200000001,0.2296993421552392
DE,L,2020,333172.0,570034,6362744.0,0.26364061618719353,0.02476791094978048,652.19866,0.1957543431020614
DE,L,2021,339710.0,602344,6966552.0,0.251429687442948,-0.046316568823277726,596.62477,0.1756276736039563
DE,L,2022,346060.0,633267,8071382.0,0.23593664607080286,-0.06161977740063285,622.02373,0.17974447494654106
DE,L,2023,374433.0,650696,8735333.0,0.24422411367372646,0.035125817633419265,681.10835,0.18190393207863623
DE,TOTAL,2013,2555938.0,59148407,9263691.0,0.07967273570583334,0.013440749444001643,978819.58393,38.29590482750364
DE,TOTAL,2014,2662091.0,59858672,9514952.0,0.08159688443094983,0.02415065465080546,1006965.63303,37.82611612563207
DE,TOTAL,2015,2753317.0,60460401,9740895.0,0.0831826987236013,0.019434740722158894,1066962.73199,38.751902958867426
DE,TOTAL,2016,2852146.0,60978246,9980351.0,0.0849936406280678,0.021770655824522755,1071186.48961,37.55721094256746
DE,TOTAL,2017,2977318.0,61483908,10363449.0,0.08714422628458965,0.025302900789163862,1136267.17652,38.164118731018995
DE,TOTAL,2018,3069316.0,61964170,10883925.0,0.08793629190258666,0.009089134779971975,1167865.90851,38.049712330369374
DE,TOTAL,2019,3161673.0,62141255,11375538.0,0.08910079828472521,0.013242614135112296,1174280.90982,37.141124645717625
DE,TOTAL,2020,3100097.0,59065847,11651450.0,0.08967563871689979,0.006451574433010698,1068090.72028,34.45346130395275
DE,TOTAL,2021,3294085.0,60410139,12540869.0,0.09161004440456143,0.021571139222865465,1206847.40052,36.63680204123451
DE,TOTAL,2022,3591874.0,61297006,14363248.0,0.09458960465397054,0.032524383857418515,1377605.67224,38.353396367467234
DE,TOTAL,2023,3853937.0,61496006,15445693.0,0.09887141269764312,0.04526721577213877,1375272.06531,35.684861099441946
ES,A,2014,26254.0,1468763,57944.0,0.051945153060930546,-0.020832791420191454,2134.42797,8.12991532718824
ES,A,2015,29605.0,1467630,58496.0,0.05842252463568067,0.12469636131695117,2567.80845,8.673563418341496
ES,A,2016,31614.0,1527666,60492.0,0.06006480768552942,0.02811044301987864,2539.1562999999996,8.03174637818688
ES,A,2017,32801.0,1562339,63024.0,0.060564855120585494,0.008325131708971423,2715.52709,8.278793603853542
ES,A,2018,32747.0,1542424,65055.0,0.060352097216531835,-0.003512893800043826,2872.5719700000004,8.772015665557152
ES,A,2019,31591.0,1506694,66317.0,0.058769280865479265,-0.026226368660789423,2958.97702,9.366519008578392
ES,A,2020,31445.0,1461849,68985.0,0.058922053402970874,0.002599530490109192,2948.61552,9.377056829384639
ES,A,2021,34201.0,1515257,76298.0,0.060517871298698046,0.027083541790597465,3054.6267000000003,8.931395865617965
ES,A,2022,32603.0,1478600,79418.0,0.057874112154178405,-0.04368559382187853,3343.32536,10.254655583841977
ES,A,2023,39035.0,1447339,81106.0,0.06980469306442617,0.20614710906431433,3547.22618,9.087296477520175
ES,C,2014,114259.0,3218035,248938.0,0.08262177344245542,0.03715321746626654,146753.26824,128.4391323571885
ES,C,2015,119732.0,3308834,252251.0,0.08461028242985899,0.02406761443808203,154086.56293000001,128.69288321417832
ES,C,2016,122996.0,3363363,262560.0,0.0848412687459036,0.0027300028957601974,159060.56856,129.32174099970732
ES,C,2017,130043.0,3536794,274815.0,0.08543485644292222,0.006996450027125123,165631.66331,127.36684274432304
ES,C,2018,130788.0,3593589,291195.0,0.08340328867782616,-0.023779144130163243,171719.10187,131.29576250879288
ES,C,2019,134106.0,3670035,306037.0,0.08294949990018181,-0.005440897893094654,180003.38088999997,134.22470351065573
ES,C,2020,122556.0,3346808,324181.0,0.07911740768929475,-0.04619789408614228,159389.1027,130.05409992166847
ES,C,2021,139066.0,3452213,358187.0,0.08508232352151571,0.07539321631525175,184841.19316999998,132.9161643895704
ES,C,2022,151730.0,3576306,382725.0,0.08869876512464607,0.04250520499967103,232053.85086,152.93867452712055
ES,C,2023,164020.0,3646205,399370.0,0.09332744744344058,0.05218429267070346,227982.60377000002,138.99683195342033
ES,F,2014,55390.0,1922467,374865.0,0.049415954847479245,0.004724938298795278,869.12936,1.5691087922007585
ES,F,2015,58924.0,2085974,375963.0,0.049723006316861676,0.0062136099632221775,1227.51829,2.083222948204467
ES,F,2016,61744.0,2148823,384826.0,0.050685423045457215,0.01935556193972876,1133.37349,1.8356010138636951
ES,F,2017,64233.0,2227616,393065.0,0.051113067151224434,0.00843722080377396,1203.51834,1.873676054364579
ES,F,2018,67144.0,2388804,401525.0,0.05062920504489149,-0.00946650501135804,1245.90009,1.855564294650304
ES,F,2019,73774.0,2590657,409598.0,0.05234082987150808,0.033807065015122095,1291.4950800000001,1.7506100794317783
ES,F,2020,63700.0,2258195,419326.0,0.04916739232937677,-0.060630248888330684,1050.64395,1.6493625588697016
ES,F,2021,65544.0,2422768,447480.0,0.047237697294220386,-0.039247455350676086,1302.50442,1.987221439033321
ES,F,2022,73065.0,2550779,473558.0,0.049930445606386153,0.05700422472742406,1391.45724,1.9044101005953602
ES,F,2023,78819.0,2635754,482733.0,0.05236020624604286,0.048662907173132375,1512.3062,1.9187076720080183
ES,J,2014,35981.0,726231,105019.0,0.09378528975353091,-0.01364884126722099,759.06835,2.109636613768378
ES,J,2015,36794.0,771719,108985.0,0.09095955445278675,-0.03012983494714616,766.05429,2.082008724248519
ES,J,2016,37624.0,802290,112900.0,0.08957234433289217,-0.015250845589999229,862.13661,2.2914538858175635
ES,J,2017,39885.0,857686,114732.0,0.090319955515258,0.0083464509937059,945.86421,2.3714785257615643
ES,J,2018,40648.0,891062,115100.0,0.08962847694445726,-0.00765587811526236,939.1312399999999,2.3103996260578628
ES,J,2019,42675.0,911392,115926.0,0.09246797712044787,0.03168078129621943,930.5116700000001,2.180460855301699
ES,J,2020,40487.0,904662,119738.0,0.08722745157329817,-0.056673950380935034,820.8807800000001,2.0275169313606836
ES,J,2021,43558.0,976334,126744.0,0.08751267285507225,0.0032698568699374153,865.4641899999999,1.9869236190826023
ES,J,2022,49632.0,1082700,131042.0,0.09202288724737506,0.051537842979291426,1050.14879,2.115870386041264
ES,J,2023,55845.0,1125759,137192.0,0.09935674583718719,0.07969602790333363,1071.59457,1.9188728982003762
ES,K,2014,36682.0,595672,54435.0,0.1356308166650416,0.10185909913422986,40.27471,0.1097942042418625
ES,K,2015,37138.0,582200,56145.0,0.1380217338293485,0.017628126284984225,62.97681,0.16957512520868115
ES,K,2016,39036.0,592569,57668.0,0.1421090427608386,0.029613516785289118,251.65944,0.6446855210574854
ES,K,2017,40551.0,586494,57652.0,0.14866071920012602,0.04610316354261501,352.19038,0.8685121945204803
ES,K,2018,44539.0,586525,55503.0,0.16533471722969817,0.11216142447909005,232.36635,0.521714340241137
ES,K,2019,43851.0,605510,53174.0,0.1616134264384029,-0.02250761880897223,36.26874,0.08270903742217967
ES,K,2020,45965.0,603287,55184.0,0.16775592118796906,0.038007329495654885,46.959720000000004,0.10216408136625695
ES,K,2021,46505.0,614290,56461.0,0.16642264247365657,-0.007947729682927673,92.9693,0.19991248252876037
ES,K,2022,52948.0,582298,60168.0,0.1923142963623057,0.15557771168516088,417.19565,0.7879346717534184
ES,K,2023,73730.0,592878,60893.0,0.26354223634713025,0.3703725689255908,262.80294,0.35643963108639626
ES,L,2014,121851.0,294388,1424186.0,0.24602294538598476,-0.06491996566884994,42.39217,0.0347901699616745
ES,L,2015,119749.0,311901,1469203.0,0.23022032636956183,-0.06423229748603432,158.69884,0.13252623403953268
ES,L,2016,121874.0,336005,1503791.0,0.22120123663575605,-0.03917590542951388,90.05119,0.07388876216420238
ES,L,2017,124735.0,347382,1541120.0,0.21961469785614934,-0.007172377531592167,64.83909,0.051981472722171
ES,L,2018,129739.0,381970,1607946.0,0.21136903460780748,-0.03754604463560485,121.31157,0.09350432021211817
ES,L,2019,133936.0,396008,1674915.0,0.21014451405950665,-0.005793282590200177,85.98051,0.06419522010512484
ES,L,2020,134806.0,373478,1753290.0,0.21668054366216208,0.031102546892109784,65.81671,0.04882327937925612
ES,L,2021,138045.0,408809,1922412.0,0.20259683013823762,-0.06499759178139741,85.13611,0.061672722662899776
ES,L,2022,146180.0,452649,2116465.0,0.19412257736864671,-0.04182816070620987,76.69663,0.05246725270214804
ES,L,2023,159783.0,462905,2228370.0,0.2055015996800991,0.05861771704093521,75.35222999999999,0.04715910328382869
ES,TOTAL,2014,946493.0,30543000,3878070.0,0.06123270006598711,-0.0011756721632177891,218820.65157,23.119098775162623
ES,TOTAL,2015,987936.0,31458249,3948021.0,0.06229331541703731,0.01732106129416522,232243.25553,23.50792516215625
ES,TOTAL,2016,1019400.0,32261468,4026184.0,0.06279302006011808,0.008021802014154922,239810.17222,23.52463922111046
ES,TOTAL,2017,1061122.0,32952217,4129727.0,0.06390407714313127,0.017693958372275498,255952.42159,24.120923097438375
ES,TOTAL,2018,1097845.0,33765616,4259460.0,0.0643837094763201,0.0075055044158538475,266926.7817,24.313703819755975
ES,TOTAL,2019,1137968.0,34348535,4369824.0,0.06542119023731463,0.016114025883769534,267249.3814,23.484788798982045
ES,TOTAL,2020,1030964.0,30576946,4530544.0,0.06331401182029008,-0.03220941730623961,241781.08816999997,23.451942858334526
ES,TOTAL,2021,1118595.0,32787923,4927896.0,0.06376263414954349,0.007085672134104826,286580.03356,25.6196419222328
ES,TOTAL,2022,1254715.0,34448678,5293095.0,0.06757954717664671,0.059861282050414744,343203.89660000004,27.35313570013908
ES,TOTAL,2023,1366751.0,35369626,5488022.0,0.07146604666760051,0.05750999604650864,344748.00284,25.223907122804373
NL,A,2014,12222.0,382764,53014.0,0.06130975257524622,-0.020131370297338247,4490.29857,36.73947447226313
NL,A,2015,12627.0,378509,53284.0,0.06371066952314952,0.03916044099112326,4689.21557,37.13641854755683
NL,A,2016,13424.0,389738,53095.0,0.06649615030939605,0.043720789737336174,5106.1177099999995,38.03722966328963
NL,A,2017,14776.0,397857,53870.0,0.07184479139467281,0.08043534942083674,5081.604,34.390931239848406
NL,A,2018,13855.0,401167,54966.0,0.06654992671308803,-0.07369865760341521,5126.4571,37.00077300613497
NL,A,2019,14594.0,409046,57365.0,0.06822342086084048,0.025146446140613454,5452.46401,37.36099773879676
NL,A,2020,14185.0,400406,59032.0,0.06663387651148181,-0.023299100650507665,5627.20017,39.67007522030313
NL,A,2021,14752.0,397606,60520.0,0.06905431119575617,0.03632438649816949,5999.87527,40.671605680585685
NL,A,2022,16318.0,386547,64783.0,0.07611306916984134,0.10222038062294048,6476.6043,39.68993933080034
NL,A,2023,18393.0,384798,66926.0,0.08513345991712448,0.1185130339068936,6938.2182,37.722058391779484
NL,C,2014,65571.0,1105263,143707.0,0.11631135603680702,0.021544528784963157,126108.76914,192.323998627442
NL,C,2015,70958.0,1106433,145824.0,0.1251722224266824,0.07618229803005083,131521.26851999998,185.35086744271257
NL,C,2016,73940.0,1127376,148108.0,0.1281452313353098,0.023751347151871327,128311.01565,173.53396760887205
NL,C,2017,79216.0,1139986,150426.0,0.1355731455530762,0.0579648118027134,139043.62962,175.52467887800444
NL,C,2018,83919.0,1165029,155560.0,0.1399872134166265,0.03255857084043412,146668.75512000002,174.77419311478928
NL,C,2019,86468.0,1200922,162151.0,0.13941420256608658,-0.004093308499788062,161444.82319,186.71048617985844
NL,C,2020,85598.0,1155617,166065.0,0.14050329639739984,0.0078119288513449625,144373.76051,168.66487594336314
NL,C,2021,95886.0,1198699,170652.0,0.1522028027466452,0.08326855418505241,170023.05861,177.31791774607345
NL,C,2022,102836.0,1218380,183447.0,0.15765662414563764,0.035832595067718964,248069.89546,241.2286509199113
NL,C,2023,109965.0,1239274,193001.0,0.16390707771693258,0.03964599397689117,238594.58659,216.97320655663165
NL,F,2014,25828.0,838497,23371.0,0.1003878738979809,0.017018794263864434,940.78487,3.6424998838469875
NL,F,2015,26128.0,836031,23436.0,0.1016612909715105,0.012684969051378836,1127.55666,4.3155107930189835
NL,F,2016,28180.0,852021,23763.0,0.10776850790964586,0.06007416273955091,1227.54248,4.356076933995742
NL,F,2017,29966.0,878091,24523.0,0.11114706665190187,0.031350148645359566,1455.0647099999999,4.855718848027765
NL,F,2018,32629.0,922189,26190.0,0.11460133881547845,0.031078392508503194,1319.36246,4.043527107787551
NL,F,2019,36247.0,965377,28367.0,0.12025321275335435,0.04931769555481447,1507.31647,4.158458548293652
NL,F,2020,38666.0,946532,30365.0,0.1270970325272522,0.056911741625854884,1517.70135,3.92515737340299
NL,F,2021,41332.0,1013891,32988.0,0.12624517707757588,-0.006702402351476455,1672.33881,4.046111511661667
NL,F,2022,43981.0,1078174,36563.0,0.12461197109615853,-0.012936779203959303,2509.5188599999997,5.705915872763238
NL,F,2023,48484.0,1104161,40485.0,0.13072530533870874,0.049058964309558695,2354.05194,4.855317094299149
NL,J,2014,27924.0,466418,41705.0,0.13281162647970562,-0.012285404372117226,3634.6249,13.016132717375733
NL,J,2015,28817.0,478960,42040.0,0.1342887337784407,0.011121822222098787,3429.62967,11.9014112156019
NL,J,2016,30005.0,494903,42713.0,0.13607562828783162,0.013306362038822073,2693.42779,8.976596533911016
NL,J,2017,31006.0,511453,44270.0,0.13593452097066877,-0.0010369771496802072,3061.70248,9.874548409985163
NL,J,2018,32358.0,527354,44933.0,0.13830140103848573,0.017411913110192856,4145.49477,12.811344242536624
NL,J,2019,34452.0,549012,47631.0,0.14060184086682745,0.0166335251202665,3997.36539,11.602709247648903
NL,J,2020,36960.0,558150,50691.0,0.14614422436321056,0.03941899666614357,4296.890240000001,11.625785281385284
NL,J,2021,39019.0,581550,54299.0,0.14673087259036194,0.00401417318889985,4892.75582,12.539418795971194
NL,J,2022,44323.0,604947,61050.0,0.15617167491393086,0.06434094036859861,8557.867619999999,19.3079611488392
NL,J,2023,47186.0,620673,64742.0,0.16028896873822465,0.026363896183881685,6931.834309999999,14.690446975797904
NL,K,2014,55231.0,358857,44089.0,0.3074373101154662,0.0999657122330313,1709.5629199999998,3.095295975086455
NL,K,2015,54915.0,347202,41903.0,0.31780447862544414,0.03372124387272413,1237.49503,2.25347360466175
NL,K,2016,52353.0,340308,41812.0,0.30729671393166913,-0.03306361426756099,1293.7136799999998,2.471135713330659
NL,K,2017,50940.0,326809,42926.0,0.3045679612670472,-0.008879862819583195,1895.99849,3.7220229485669414
NL,K,2018,50410.0,319927,44483.0,0.30215414472543,-0.007925379056862636,2170.67304,4.306036580043642
NL,K,2019,51649.0,318770,46818.0,0.30513764354038664,0.009874095282286444,2161.51179,4.185002207206335
NL,K,2020,52838.0,321693,49625.0,0.3043542143662518,-0.0025674615725710392,2653.40982,5.021783224194707
NL,K,2021,51072.0,328285,51835.0,0.28606784540925256,-0.06008252258006819,3303.16583,6.467664924028822
NL,K,2022,51766.0,334717,55739.0,0.27943318107388476,-0.023192625252503207,10924.59965,21.103812637638605
NL,K,2023,48271.0,340985,56761.0,0.25580978298870916,-0.08454041855154404,8762.71473,18.153165938140912
NL,L,2014,35816.0,108805,942709.0,0.1614275754965636,0.0821551256273807,85.83389,0.23965236207281662
NL,L,2015,36277.0,107768,922222.0,0.16575531980198852,0.026809200919436726,88.4245,0.2437481048598285
NL,L,2016,37535.0,109034,932610.0,0.16953871797332482,0.022825199069664626,114.0233,0.30377860663380846
NL,L,2017,41501.0,111350,947405.0,0.18387358401084072,0.08455216725050008,148.26801999999998,0.35726372858485334
NL,L,2018,45337.0,111533,1007844.0,0.19659511302177599,0.06918627860207072,127.48451,0.28119308732381937
NL,L,2019,46104.0,112188,1080374.0,0.1946233993219976,-0.010029311865753177,162.31077,0.352053552837064
NL,L,2020,47533.0,111895,1163758.0,0.1961360320449662,0.007772101033267864,223.69539,0.4706107125575916
NL,L,2021,50712.0,115667,1255072.0,0.19961801897520998,0.01775291818611624,287.40437,0.5667383853920177
NL,L,2022,61450.0,117471,1354889.0,0.23342110173203987,0.1693388348925946,239.84586,0.3903105939788446
NL,L,2023,75564.0,119769,1441333.0,0.27760798043406604,0.18930113162070206,218.50233,0.2891619421946959
NL,TOTAL,2014,609309.0,12523791,2034706.0,0.08862353104672166,0.016327666065054647,340700.5386,55.91588809618765
NL,TOTAL,2015,627626.0,12623528,2045116.0,0.0906510634076176,0.02287803630648666,338438.25422,53.9235554645601
NL,TOTAL,2016,644312.0,12927763,2063601.0,0.09131645920816167,0.007340187478574789,343041.20527,53.24147389308285
NL,TOTAL,2017,671934.0,13228217,2105222.0,0.09316063325807904,0.02019541784590495,370353.77151,55.11758171338257
NL,TOTAL,2018,703557.0,13583155,2202593.0,0.0944105536493645,0.013416830130628998,389522.40802,55.36472638606396
NL,TOTAL,2019,739508.0,13943543,2325638.0,0.09577540002705386,0.014456502212224276,410833.98305000004,55.55504241333428
NL,TOTAL,2020,726149.0,13353961,2446750.0,0.09519900455695245,-0.006018199557909387,387839.05796,53.41039620794079
NL,TOTAL,2021,791730.0,13974568,2596438.0,0.0987314814471327,0.03710623768200194,478355.75376,60.41905116138078
NL,TOTAL,2022,888174.0,14511190,2810908.0,0.10520530461538878,0.06556999928865226,761223.55576,85.70657953959471
NL,TOTAL,2023,944801.0,14710313,2972481.0,0.10886903248390903,0.034824554540421326,742092.84485,78.54488350986081
PT,A,2014,3423.2,601989,10065.4,0.02193682135556428,0.024429425647168657,495.8057,14.483690698761395
PT,A,2015,3543.7,581026,10104.3,0.02322516789647169,0.05872986427819993,577.74829,16.30353274825747
PT,A,2016,3582.9,548468,10147.8,0.02437252885731673,0.049401621807838136,644.45751,17.987035920622958
PT,A,2017,3839.2,530242,10397.9,0.026500313596885736,0.0873025836598913,715.06025,18.625240935611586
PT,A,2018,3932.2,526561,10633.6,0.027068268220456923,0.021431996323165503,712.04888,18.108155231168304
PT,A,2019,4289.6,494151,10787.1,0.030667068227954376,0.1329527245033597,764.82428,17.829734240954867
PT,A,2020,4303.9,476010,10967.3,0.03137808911798301,0.023185160209755695,751.2867,17.455951578800626
PT,A,2021,4680.7,456942,11469.7,0.03455824705096671,0.10134963671707875,926.8395899999999,19.80130301023351
PT,A,2022,4648.4,425051,12625.9,0.03490048162567248,0.009903123101152822,1056.8900800000001,22.736642285517604
PT,A,2023,5778.0,443515,13117.8,0.04163464216290894,0.19295322653320834,1121.3793,19.40774143302181
PT,C,2014,20507.9,1275683,38994.5,0.050820909029571586,0.019279041590246404,34680.35426,169.10729162907953
PT,C,2015,21978.0,1309951,39622.9,0.05322369476396006,0.047279471781788596,36448.89855,165.84265424515422
PT,C,2016,22819.6,1322964,41335.0,0.05413597075897512,0.017140410846351095,36347.582310000005,159.28229377377346
PT,C,2017,24303.6,1357921,43706.0,0.05562450258344332,0.027496169434098938,40267.680799999995,165.68607449102188
PT,C,2018,25260.1,1402234,46771.8,0.055331263475892165,-0.005271761434832878,42022.69687,166.3599782661193
PT,C,2019,25605.3,1391009,49096.2,0.05549489174707981,0.0029572480530639655,42968.19931,167.80978668478795
PT,C,2020,24304.9,1289702,50708.4,0.05482638216160553,-0.012046326507330507,37463.68679,154.14046875321438
PT,C,2021,26938.2,1313672,55275.7,0.05833725877369695,0.06403626272006813,45093.31035,167.39541004966924
PT,C,2022,30402.6,1352452,63258.0,0.06175768078030506,0.058631860298350214,55839.19861,183.66586611013534
PT,C,2023,32661.2,1380674,68301.3,0.0637983591047075,0.03304331216163847,53136.48111,162.68992293608318
PT,F,2014,6304.4,531514,8385.7,0.046642404369183675,-0.035118618171970484,472.51865000000004,7.495061385698879
PT,F,2015,6398.1,538664,8197.3,0.04726684582777161,0.013387848826260429,360.82774,5.63960769603476
PT,F,2016,6523.8,551876,8021.4,0.0477599947997921,0.010433295545410504,249.03238000000002,3.8172902296207734
PT,F,2017,6920.3,572807,8035.3,0.04938654651712482,0.03405678170927695,277.90578000000005,4.0158053841596475
PT,F,2018,7541.1,603785,8318.0,0.051361453259784175,0.03998875973185445,286.56959,3.800103300579491
PT,F,2019,8151.7,638270,8668.2,0.05276897691066919,0.02740428008852902,274.55291,3.3680448250058266
PT,F,2020,8352.2,635108,8982.7,0.0536128295724816,0.015991453903700714,231.01191,2.765880965494121
PT,F,2021,8695.7,678228,9615.3,0.052228202850096814,-0.025826406355084153,261.60716,3.0084657934381362
PT,F,2022,10048.2,719951,10829.3,0.05575414681414881,0.06751034444305914,262.61163,2.613519137756016
PT,F,2023,11547.6,769791,11670.2,0.059770391102516654,0.07203489817099373,279.68113,2.421984914614292
PT,J,2014,5160.8,154637,12451.4,0.07663991939937347,-0.02941383669140074,104.1636,2.0183614943419625
PT,J,2015,5317.1,165765,12778.6,0.07472658677251613,-0.02496522232606857,93.234,1.7534746384307232
PT,J,2016,5660.3,172622,12861.1,0.07725440557466101,0.033827569427733906,100.44447,1.7745432220907016
PT,J,2017,5946.9,185229,13372.5,0.07643204110752591,-0.010644887641266476,115.72116,1.9459072794228927
PT,J,2018,6375.7,202171,13861.7,0.07636542876807513,-0.000871523754770176,107.96645,1.693405429992001
PT,J,2019,7140.6,216444,14299.4,0.0808720230390071,0.059013539812873717,156.64949,2.193786096406464
PT,J,2020,7782.4,227606,14641.4,0.08455868212605379,0.0455863344146652,160.5916,2.0635228207236844
PT,J,2021,8499.8,252054,15752.2,0.08419482474728751,-0.00430301619677409,192.05013,2.259466458034307
PT,J,2022,10019.8,285264,17587.3,0.08809025312111224,0.0462668386746683,288.32914,2.8775937643465936
PT,J,2023,11230.9,318429,18722.1,0.08985021167928627,0.01997903849537508,323.58408000000003,2.881194561433189
PT,K,2014,7948.2,162331,14416.4,0.10886218676488606,0.0024343525296661728,468.97375,5.900376814876324
PT,K,2015,7861.2,156822,13243.9,0.11331852650501772,0.04093560741854474,368.61907,4.689094158652623
PT,K,2016,8084.5,155016,12937.8,0.11835509266738896,0.04444609648315723,169.00483,2.0904796833446717
PT,K,2017,7968.0,150678,12573.4,0.12001527547642156,0.014027134545854913,3.1145,0.03908760040160642
PT,K,2020,9255.8,155130,12377.4,0.13742953281871462,0.036114253573447774,2.83967,0.030679898009896497
PT,K,2021,9604.2,155835,12457.9,0.14186617009165223,0.0322829975620309,9.132639999999999,0.09509006476333268
PT,K,2022,11430.9,156554,12966.6,0.16612034144019938,0.17096515210693153,15.01072,0.13131704415225398
PT,K,2023,16582.6,158629,12831.2,0.23970003171428797,0.44293004478669507,17.9019,0.1079559297094545
PT,L,2014,18862.5,72854,256965.1,0.17080359472857495,-0.021248080790719825,24.32951,0.12898348575215374
PT,L,2015,19100.2,78815,257558.7,0.16395354493493405,-0.0401048338855301,29.637580000000003,0.15516895111045959
PT,L,2016,20173.9,89148,262903.6,0.1583733972759204,-0.03403493142663172,31.94329,0.15833968642652138
PT,L,2017,21214.2,101132,274496.5,0.15088086036436413,-0.04730931482452616,37.11692,0.1749626193775867
PT,L,2020,23562.4,113072,320529.7,0.14775258690239756,0.023208294898170445,58.9804,0.25031575730825384
PT,L,2021,24399.8,120939,341375.4,0.14325182489373084,-0.03046147687173717,50.847730000000006,0.20839404421347718
PT,L,2022,25585.5,135737,371673.0,0.13518638323017731,-0.05630254043560523,81.06763000000001,0.31684989544859393
PT,L,2023,24767.1,144267,399779.3,0.12264012007240781,-0.09280715156353736,38.56725,0.15571968458156182
PT,TOTAL,2014,151138.9,8421756,549338.3,0.04417833237971512,-0.0068281825612904745,47004.39533,31.10013062818374
PT,TOTAL,2015,156080.7,8577921,550704.3,0.04502773915615443,0.019226773186878265,48563.30238,31.114226409799546
PT,TOTAL,2016,161745.0,8757435,559689.7,0.04577366768448111,0.01656597782402147,48972.94161,30.27787048131318
PT,TOTAL,2017,169071.4,8993236,578818.5,0.04648442275286733,0.01552759707361595,53771.22993,31.8038591565457
PT,TOTAL,2018,177157.3,9261851,608081.1,0.046985541535265636,0.01078035937033106,52973.020710000004,29.901686642322957
PT,TOTAL,2019,185473.9,9362594,633735.1,0.048174564217112144,0.025306139782470538,54555.2653,29.413985094398726
PT,TOTAL,2020,175104.3,8594651,653462.0,0.04768054103790689,-0.010254855175830913,47735.51599,27.261190039308005
PT,TOTAL,2021,187361.5,8980701,695621.7,0.04852654433977527,0.017743156504784308,56020.75307,29.899820971757805
PT,TOTAL,2022,211027.9,9536365,767142.7,0.050832822637169726,0.04752611851456501,69312.2552,32.84506702668226
PT,TOTAL,2023,235589.3,9998768,814319.1,0.053905016998573786,0.06043721756968945,66862.04226,28.380763583065953
