country,sector,year,gva,hours,capital
AT,A,2000,3549.1,651097,22731.7
AT,A,2001,3747.5,632511,22837.8
AT,A,2002,3583.9,621815,22956.4
AT,A,2003,3428.0,618583,23308.9
AT,A,2004,3591.7,602496,23834.6
AT,A,2005,3236.2,588611,24523.7
AT,A,2006,3530.3,568592,25254.2
AT,A,2007,4125.8,550690,26378.9
AT,A,2008,4042.2,527584,27573.3
AT,A,2009,3368.2,504012,28613.9
AT,A,2010,3801.7,487378,29791.5
AT,A,2011,4503.3,501351,31071.6
AT,A,2012,4488.2,452804,32118.0
AT,A,2013,4104.3,434137,32838.1
AT,A,2014,4210.8,435834,33133.0
AT,A,2015,3912.2,416177,33443.8
AT,A,2016,4087.6,413752,33774.7
AT,A,2017,4407.2,406137,34363.1
AT,A,2018,4250.5,393352,35309.5
AT,A,2019,4133.7,380631,36186.1
AT,A,2020,4074.7,403537,37312.7
AT,A,2021,4936.7,405195,40400.7
AT,A,2022,6050.9,395438,43438.6
AT,A,2023,5933.6,361630,45097.6
DE,A,2000,21215.0,1575300,125695.0
DE,A,2001,23785.0,1489480,124405.0
DE,A,2002,20040.0,1436177,124345.0
DE,A,2003,18584.0,1391418,123332.0
DE,A,2004,21758.0,1357841,123345.0
DE,A,2005,16886.0,1308210,125433.0
DE,A,2006,17386.0,1277340,128780.0
DE,A,2007,20899.0,1280197,132987.0
DE,A,2008,21673.0,1265949,138410.0
DE,A,2009,16720.0,1242690,139911.0
DE,A,2010,20294.0,1225437,140545.0
DE,A,2011,25399.0,1226214,143662.0
DE,A,2012,25513.0,1199660,147292.0
DE,A,2013,26576.0,1169964,149783.0
DE,A,2014,27326.0,1144881,152149.0
DE,A,2015,21872.0,1127356,153216.0
DE,A,2016,23342.0,1103561,154092.0
DE,A,2017,28665.0,1060775,155897.0
DE,A,2018,25496.0,1047303,160097.0
DE,A,2019,29470.0,1016062,163345.0
DE,A,2020,25144.0,971364,164980.0
DE,A,2021,27761.0,980111,173291.0
DE,A,2022,39680.0,969462,194644.0
DE,A,2023,39204.0,951254,205988.0
ES,A,2000,24247.0,1992409,33261.0
ES,A,2001,25755.0,2007718,35499.0
ES,A,2002,26107.0,1982136,37842.0
ES,A,2003,27458.0,1942432,40791.0
ES,A,2004,26815.0,1888725,44385.0
ES,A,2005,25601.0,1831585,47275.0
ES,A,2006,24127.0,1732928,49084.0
ES,A,2007,26881.0,1689664,51572.0
ES,A,2008,26183.0,1626880,53203.0
ES,A,2009,24138.0,1555916,54583.0
ES,A,2010,26039.0,1551831,56182.0
ES,A,2011,25248.0,1532619,57418.0
ES,A,2012,24840.0,1494593,57756.0
ES,A,2013,26764.0,1468367,57658.0
ES,A,2014,26254.0,1468763,57944.0
ES,A,2015,29605.0,1467630,58496.0
ES,A,2016,31614.0,1527666,60492.0
ES,A,2017,32801.0,1562339,63024.0
ES,A,2018,32747.0,1542424,65055.0
ES,A,2019,31591.0,1506694,66317.0
ES,A,2020,31445.0,1461849,68985.0
ES,A,2021,34201.0,1515257,76298.0
ES,A,2022,32603.0,1478600,79418.0
ES,A,2023,39035.0,1447339,81106.0
NL,A,2000,10449.0,473226,32641.0
NL,A,2001,10796.0,455421,34204.0
NL,A,2002,10498.0,452433,36021.0
NL,A,2003,10647.0,426488,37022.0
NL,A,2004,9965.0,424273,37526.0
NL,A,2005,10350.0,418057,38436.0
NL,A,2006,11513.0,407102,39453.0
NL,A,2007,11408.0,401379,41160.0
NL,A,2008,10762.0,399653,43482.0
NL,A,2009,9868.0,396055,45306.0
NL,A,2010,11496.0,389735,46809.0
NL,A,2011,10486.0,386319,49064.0
NL,A,2012,11170.0,380057,50431.0
NL,A,2013,12278.0,378874,51600.0
NL,A,2014,12222.0,382764,53014.0
NL,A,2015,12627.0,378509,53284.0
NL,A,2016,13424.0,389738,53095.0
NL,A,2017,14776.0,397857,53870.0
NL,A,2018,13855.0,401167,54966.0
NL,A,2019,14594.0,409046,57365.0
NL,A,2020,14185.0,400406,59032.0
NL,A,2021,14752.0,397606,60520.0
NL,A,2022,16318.0,386547,64783.0
NL,A,2023,18393.0,384798,66926.0
PT,A,2000,3993.4,1106379,7558.7
PT,A,2001,4020.0,1105190,7859.0
PT,A,2002,3881.6,1053778,8152.2
PT,A,2003,3872.5,1047143,8378.9
PT,A,2004,3961.7,996113,8730.2
PT,A,2005,3652.3,969704,9015.9
PT,A,2006,3746.1,923523,9290.4
PT,A,2007,3506.4,925962,9575.0
PT,A,2008,3517.2,898947,9921.8
PT,A,2009,3421.7,872224,9742.7
PT,A,2010,3489.9,797923,9743.0
PT,A,2011,3241.5,723890,10075.8
PT,A,2012,3236.0,685832,10007.7
PT,A,2013,3485.0,643402,9988.0
PT,A,2014,3423.2,601989,10065.4
PT,A,2015,3543.7,581026,10104.3
PT,A,2016,3582.9,548468,10147.8
PT,A,2017,3839.2,530242,10397.9
PT,A,2018,3932.2,526561,10633.6
PT,A,2019,4289.6,494151,10787.1
PT,A,2020,4303.9,476010,10967.3
PT,A,2021,4680.7,456942,11469.7
PT,A,2022,4648.4,425051,12625.9
PT,A,2023,5778.0,443515,13117.8
AT,C,2000,39776.8,1116838,60634.9
AT,C,2001,41388.1,1112678,63053.5
AT,C,2002,41166.2,1076233,64745.7
AT,C,2003,41408.4,1069876,66691.3
AT,C,2004,42821.4,1069123,68504.0
AT,C,2005,45046.2,1065297,70572.3
AT,C,2006,48607.8,1068969,74058.3
AT,C,2007,52346.0,1090532,78072.9
AT,C,2008,52216.1,1093528,81710.6
AT,C,2009,48152.9,1014794,83475.4
AT,C,2010,50031.6,1018154,85567.4
AT,C,2011,52834.2,1034089,88963.6
AT,C,2012,54632.2,1041534,92790.2
AT,C,2013,54944.3,1037191,97296.4
AT,C,2014,56735.9,1038599,100200.6
AT,C,2015,58985.2,1037511,102886.0
AT,C,2016,62839.8,1041908,106593.8
AT,C,2017,64066.2,1050800,111075.4
AT,C,2018,66380.5,1071936,116554.7
AT,C,2019,67674.9,1083034,122239.9
AT,C,2020,63122.6,1023216,126399.0
AT,C,2021,68975.9,1073982,135956.6
AT,C,2022,74829.2,1090035,147010.8
AT,C,2023,76173.9,1100168,154854.8
DE,C,2000,431981.0,11748269,618731.0
DE,C,2001,441002.0,11686508,632027.0
DE,C,2002,433029.0,11410955,633282.0
DE,C,2003,438145.0,11135950,632604.0
DE,C,2004,453784.0,11104276,632700.0
DE,C,2005,459778.0,10812800,629768.0
DE,C,2006,493457.0,10800344,633597.0
DE,C,2007,521915.0,10972682,652987.0
DE,C,2008,511603.0,11204562,675676.0
DE,C,2009,432427.0,10237355,672579.0
DE,C,2010,508085.0,10431764,676383.0
DE,C,2011,552758.0,10795965,689276.0
DE,C,2012,561180.0,10775697,708260.0
DE,C,2013,566418.0,10828024,719467.0
DE,C,2014,600184.0,11004039,736328.0
DE,C,2015,621665.0,11100112,755435.0
DE,C,2016,652239.0,11083494,774897.0
DE,C,2017,669711.0,11101223,804536.0
DE,C,2018,680125.0,11229531,841579.0
DE,C,2019,683030.0,11186824,874926.0
DE,C,2020,639332.0,10472567,889609.0
DE,C,2021,683907.0,10645407,922019.0
DE,C,2022,730927.0,10561956,991296.0
DE,C,2023,799148.0,10508156,1038456.0
ES,C,2000,105341.0,5154290,173436.0
ES,C,2001,110960.0,5147259,185734.0
ES,C,2002,113885.0,5085245,197630.0
ES,C,2003,117206.0,5062951,210457.0
ES,C,2004,120560.0,5013436,224544.0
ES,C,2005,125316.0,4936264,238153.0
ES,C,2006,131369.0,4814690,251525.0
ES,C,2007,135843.0,4682289,262203.0
ES,C,2008,137888.0,4641577,266692.0
ES,C,2009,121547.0,4031857,262435.0
ES,C,2010,119716.0,3890896,262250.0
ES,C,2011,119709.0,3737561,260694.0
ES,C,2012,112007.0,3429999,256929.0
ES,C,2013,111450.0,3254317,252032.0
ES,C,2014,114259.0,3218035,248938.0
ES,C,2015,119732.0,3308834,252251.0
ES,C,2016,122996.0,3363363,262560.0
ES,C,2017,130043.0,3536794,274815.0
ES,C,2018,130788.0,3593589,291195.0
ES,C,2019,134106.0,3670035,306037.0
ES,C,2020,122556.0,3346808,324181.0
ES,C,2021,139066.0,3452213,358187.0
ES,C,2022,151730.0,3576306,382725.0
ES,C,2023,164020.0,3646205,399370.0
NL,C,2000,57479.0,1400806,119876.0
NL,C,2001,60442.0,1395278,123719.0
NL,C,2002,59889.0,1350359,127704.0
NL,C,2003,58978.0,1300219,128329.0
NL,C,2004,61334.0,1262355,129029.0
NL,C,2005,64117.0,1228567,130194.0
NL,C,2006,66057.0,1213923,132546.0
NL,C,2007,70622.0,1212334,135381.0
NL,C,2008,70346.0,1211890,139579.0
NL,C,2009,61992.0,1145363,141633.0
NL,C,2010,62837.0,1128479,141786.0
NL,C,2011,66266.0,1126018,141762.0
NL,C,2012,66223.0,1110472,143238.0
NL,C,2013,64215.0,1107569,143282.0
NL,C,2014,65571.0,1105263,143707.0
NL,C,2015,70958.0,1106433,145824.0
NL,C,2016,73940.0,1127376,148108.0
NL,C,2017,79216.0,1139986,150426.0
NL,C,2018,83919.0,1165029,155560.0
NL,C,2019,86468.0,1200922,162151.0
NL,C,2020,85598.0,1155617,166065.0
NL,C,2021,95886.0,1198699,170652.0
NL,C,2022,102836.0,1218380,183447.0
NL,C,2023,109965.0,1239274,193001.0
PT,C,2000,19325.5,1923993,20713.5
PT,C,2001,19928.9,1907477,22560.3
PT,C,2002,20235.1,1844723,24246.5
PT,C,2003,19684.6,1769112,25598.5
PT,C,2004,19872.5,1698686,27238.2
PT,C,2005,19925.0,1628235,29021.8
PT,C,2006,20521.9,1599997,31125.6
PT,C,2007,21485.5,1568133,33456.2
PT,C,2008,21316.2,1512880,36415.1
PT,C,2009,19529.4,1385177,36560.6
PT,C,2010,20837.1,1350687,37653.1
PT,C,2011,19974.7,1320568,38560.2
PT,C,2012,19171.8,1268568,38553.2
PT,C,2013,19739.0,1251221,38275.0
PT,C,2014,20507.9,1275683,38994.5
PT,C,2015,21978.0,1309951,39622.9
PT,C,2016,22819.6,1322964,41335.0
PT,C,2017,24303.6,1357921,43706.0
PT,C,2018,25260.1,1402234,46771.8
PT,C,2019,25605.3,1391009,49096.2
PT,C,2020,24304.9,1289702,50708.4
PT,C,2021,26938.2,1313672,55275.7
PT,C,2022,30402.6,1352452,63258.0
PT,C,2023,32661.2,1380674,68301.3
AT,F,2000,13936.0,472239,21556.5
AT,F,2001,13595.9,451905,21951.2
AT,F,2002,13690.9,437213,22191.5
AT,F,2003,14615.4,450864,22891.6
AT,F,2004,15087.6,453991,23731.2
AT,F,2005,15293.3,449418,25101.0
AT,F,2006,15540.5,455225,26373.1
AT,F,2007,16913.4,468053,27573.6
AT,F,2008,17901.0,488992,28050.7
AT,F,2009,17409.9,473650,28233.0
AT,F,2010,16797.8,476928,28804.2
AT,F,2011,16768.6,482173,29282.1
AT,F,2012,17471.7,485366,29703.5
AT,F,2013,18080.9,476232,29981.9
AT,F,2014,18500.9,474485,30045.1
AT,F,2015,18846.3,472244,29951.4
AT,F,2016,19653.4,474990,30044.2
AT,F,2017,20873.1,485052,30250.3
AT,F,2018,22084.0,494867,30677.7
AT,F,2019,22949.8,514344,31219.0
AT,F,2020,23778.8,496448,31808.8
AT,F,2021,24531.2,538565,33913.8
AT,F,2022,26422.3,540757,36422.5
AT,F,2023,28395.0,531566,37679.7
DE,F,2000,96972.0,4725502,54564.0
DE,F,2001,91986.0,4383553,52884.0
DE,F,2002,87922.0,4139952,50638.0
DE,F,2003,84137.0,3940539,48292.0
DE,F,2004,81661.0,3839881,46493.0
DE,F,2005,78899.0,3690224,44772.0
DE,F,2006,81514.0,3773557,43672.0
DE,F,2007,85545.0,3862010,44520.0
DE,F,2008,88250.0,3864958,45022.0
DE,F,2009,89402.0,3830172,44822.0
DE,F,2010,94401.0,3887088,45340.0
DE,F,2011,100001.0,3948111,46163.0
DE,F,2012,104485.0,3920598,47859.0
DE,F,2013,107809.0,3896309,48969.0
DE,F,2014,111828.0,3938698,50722.0
DE,F,2015,113982.0,3935060,52209.0
DE,F,2016,120757.0,3949015,54156.0
DE,F,2017,127357.0,3965160,56838.0
DE,F,2018,137055.0,4012287,60593.0
DE,F,2019,143419.0,4038185,64311.0
DE,F,2020,154717.0,3979019,67958.0
DE,F,2021,162155.0,4082325,72954.0
DE,F,2022,173942.0,4083651,82266.0
DE,F,2023,187208.0,4053085,90463.0
ES,F,2000,59618.0,3508493,228718.0
ES,F,2001,67550.0,3830793,249691.0
ES,F,2002,75008.0,4040120,273590.0
ES,F,2003,81851.0,4227179,302889.0
ES,F,2004,88836.0,4408815,339006.0
ES,F,2005,100903.0,4730203,382312.0
ES,F,2006,111572.0,5012847,426824.0
ES,F,2007,116462.0,5261408,464277.0
ES,F,2008,118569.0,4675600,474653.0
ES,F,2009,110029.0,3671015,459285.0
ES,F,2010,89685.0,3180016,446783.0
ES,F,2011,75556.0,2718258,422511.0
ES,F,2012,64407.0,2210674,390774.0
ES,F,2013,55533.0,1946664,373631.0
ES,F,2014,55390.0,1922467,374865.0
ES,F,2015,58924.0,2085974,375963.0
ES,F,2016,61744.0,2148823,384826.0
ES,F,2017,64233.0,2227616,393065.0
ES,F,2018,67144.0,2388804,401525.0
ES,F,2019,73774.0,2590657,409598.0
ES,F,2020,63700.0,2258195,419326.0
ES,F,2021,65544.0,2422768,447480.0
ES,F,2022,73065.0,2550779,473558.0
ES,F,2023,78819.0,2635754,482733.0
NL,F,2000,21482.0,993849,17197.0
NL,F,2001,23523.0,1008713,18707.0
NL,F,2002,24770.0,990371,19397.0
NL,F,2003,24837.0,945889,19375.0
NL,F,2004,25118.0,934752,19442.0
NL,F,2005,26482.0,930339,19762.0
NL,F,2006,28306.0,932143,20343.0
NL,F,2007,30813.0,971724,21185.0
NL,F,2008,33104.0,983184,22339.0
NL,F,2009,33394.0,970945,22932.0
NL,F,2010,29984.0,917533,23290.0
NL,F,2011,29686.0,926306,23520.0
NL,F,2012,27183.0,891946,23393.0
NL,F,2013,25598.0,846308,23493.0
NL,F,2014,25828.0,838497,23371.0
NL,F,2015,26128.0,836031,23436.0
NL,F,2016,28180.0,852021,23763.0
NL,F,2017,29966.0,878091,24523.0
NL,F,2018,32629.0,922189,26190.0
NL,F,2019,36247.0,965377,28367.0
NL,F,2020,38666.0,946532,30365.0
NL,F,2021,41332.0,1013891,32988.0
NL,F,2022,43981.0,1078174,36563.0
NL,F,2023,48484.0,1104161,40485.0
PT,F,2000,8602.8,1204264,5659.8
PT,F,2001,9226.6,1170117,6161.8
PT,F,2002,9479.4,1195306,6508.5
PT,F,2003,9157.8,1113732,6736.9
PT,F,2004,9465.0,1076502,7028.8
PT,F,2005,9538.3,1047351,7354.6
PT,F,2006,9682.1,1012723,7709.0
PT,F,2007,10291.2,1024365,8133.3
PT,F,2008,10528.8,983291,8673.8
PT,F,2009,9767.9,893313,8536.6
PT,F,2010,9244.9,859418,8802.8
PT,F,2011,8484.3,776490,9006.4
PT,F,2012,7173.9,615085,8737.1
PT,F,2013,6773.0,557596,8484.1
PT,F,2014,6304.4,531514,8385.7
PT,F,2015,6398.1,538664,8197.3
PT,F,2016,6523.8,551876,8021.4
PT,F,2017,6920.3,572807,8035.3
PT,F,2018,7541.1,603785,8318.0
PT,F,2019,8151.7,638270,8668.2
PT,F,2020,8352.2,635108,8982.7
PT,F,2021,8695.7,678228,9615.3
PT,F,2022,10048.2,719951,10829.3
PT,F,2023,11547.6,769791,11670.2
AT,J,2000,6437.3,171239,12475.6
AT,J,2001,7445.8,181243,13035.3
AT,J,2002,7850.4,189085,13251.1
AT,J,2003,8055.4,184965,13161.7
AT,J,2004,7869.5,182435,13238.4
AT,J,2005,8206.5,178260,13270.2
AT,J,2006,8474.9,183972,13424.6
AT,J,2007,8617.3,170252,13872.0
AT,J,2008,8853.1,174959,14236.4
AT,J,2009,8583.9,171993,14565.6
AT,J,2010,8609.0,175622,14396.5
AT,J,2011,9336.8,186382,14819.0
AT,J,2012,9514.5,184562,15324.6
AT,J,2013,9906.7,189975,15836.1
AT,J,2014,10467.4,203407,16339.8
AT,J,2015,10827.7,200827,17115.7
AT,J,2016,11630.0,205130,18343.9
AT,J,2017,11869.0,211284,18703.8
AT,J,2018,12896.5,220822,19475.6
AT,J,2019,13689.9,233308,20284.3
AT,J,2020,13703.2,215077,21002.2
AT,J,2021,15276.3,234599,21885.8
AT,J,2022,15865.8,238612,23528.1
AT,J,2023,16885.9,250973,25118.7
DE,J,2000,88773.0,1597592,139521.0
DE,J,2001,97122.0,1676648,143484.0
DE,J,2002,99656.0,1676586,140261.0
DE,J,2003,91980.0,1645326,135879.0
DE,J,2004,98624.0,1671884,136298.0
DE,J,2005,97866.0,1695503,135686.0
DE,J,2006,103816.0,1754462,136358.0
DE,J,2007,109219.0,1803246,139005.0
DE,J,2008,108572.0,1821041,141858.0
DE,J,2009,103915.0,1769341,141771.0
DE,J,2010,101827.0,1733142,140700.0
DE,J,2011,111020.0,1756738,144331.0
DE,J,2012,115349.0,1767406,143486.0
DE,J,2013,120807.0,1796111,144082.0
DE,J,2014,125427.0,1826297,144905.0
DE,J,2015,128329.0,1846077,148419.0
DE,J,2016,129800.0,1892418,150944.0
DE,J,2017,137066.0,1946584,154006.0
DE,J,2018,148381.0,1990080,159436.0
DE,J,2019,155567.0,2056912,169217.0
DE,J,2020,155462.0,2029977,172645.0
DE,J,2021,167800.0,2138895,182408.0
DE,J,2022,168244.0,2240287,205310.0
DE,J,2023,185650.0,2296081,217124.0
ES,J,2000,26074.0,626179,67947.0
ES,J,2001,28567.0,649844,73306.0
ES,J,2002,31371.0,674477,78065.0
ES,J,2003,33128.0,673557,82860.0
ES,J,2004,34498.0,695012,88113.0
ES,J,2005,36299.0,719783,93992.0
ES,J,2006,37893.0,756614,99040.0
ES,J,2007,39890.0,746489,103237.0
ES,J,2008,41022.0,768359,104462.0
ES,J,2009,41188.0,771305,103256.0
ES,J,2010,39693.0,755621,105815.0
ES,J,2011,38594.0,777157,108090.0
ES,J,2012,37527.0,741284,109090.0
ES,J,2013,36647.0,725180,106806.0
ES,J,2014,35981.0,726231,105019.0
ES,J,2015,36794.0,771719,108985.0
ES,J,2016,37624.0,802290,112900.0
ES,J,2017,39885.0,857686,114732.0
ES,J,2018,40648.0,891062,115100.0
ES,J,2019,42675.0,911392,115926.0
ES,J,2020,40487.0,904662,119738.0
ES,J,2021,43558.0,976334,126744.0
ES,J,2022,49632.0,1082700,131042.0
ES,J,2023,55845.0,1125759,137192.0
NL,J,2000,18133.0,436973,31386.0
NL,J,2001,20294.0,457687,34801.0
NL,J,2002,21821.0,426034,35747.0
NL,J,2003,23083.0,403756,35361.0
NL,J,2004,23458.0,403093,35310.0
NL,J,2005,24355.0,412900,35702.0
NL,J,2006,25794.0,423261,36665.0
NL,J,2007,28276.0,441293,38271.0
NL,J,2008,28914.0,459495,39808.0
NL,J,2009,27626.0,453811,39639.0
NL,J,2010,27843.0,442495,40182.0
NL,J,2011,27886.0,452577,40279.0
NL,J,2012,27633.0,456361,40731.0
NL,J,2013,27602.0,452547,41236.0
NL,J,2014,27924.0,466418,41705.0
NL,J,2015,28817.0,478960,42040.0
NL,J,2016,30005.0,494903,42713.0
NL,J,2017,31006.0,511453,44270.0
NL,J,2018,32358.0,527354,44933.0
NL,J,2019,34452.0,549012,47631.0
NL,J,2020,36960.0,558150,50691.0
NL,J,2021,39019.0,581550,54299.0
NL,J,2022,44323.0,604947,61050.0
NL,J,2023,47186.0,620673,64742.0
PT,J,2000,4046.3,114541,7983.8
PT,J,2001,4422.4,109481,8519.4
PT,J,2002,4768.9,114437,9013.8
PT,J,2003,4893.6,113270,9265.6
PT,J,2004,5163.0,115883,9673.7
PT,J,2005,5341.4,119516,10194.0
PT,J,2006,5587.1,124280,10684.9
PT,J,2007,5798.7,130024,11388.4
PT,J,2008,5976.7,137746,12254.1
PT,J,2009,5984.7,142854,12255.1
PT,J,2010,5646.8,145149,12552.4
PT,J,2011,5629.3,146853,12459.4
PT,J,2012,5374.5,146774,12339.7
PT,J,2013,5197.8,150582,12267.6
PT,J,2014,5160.8,154637,12451.4
PT,J,2015,5317.1,165765,12778.6
PT,J,2016,5660.3,172622,12861.1
PT,J,2017,5946.9,185229,13372.5
PT,J,2018,6375.7,202171,13861.7
PT,J,2019,7140.6,216444,14299.4
PT,J,2020,7782.4,227606,14641.4
PT,J,2021,8499.8,252054,15752.2
PT,J,2022,10019.8,285264,17587.3
PT,J,2023,11230.9,318429,18722.1
AT,K,2000,10450.7,211383,16574.4
AT,K,2001,10064.8,210203,17011.4
AT,K,2002,10252.6,211427,17325.5
AT,K,2003,10204.9,211158,17599.2
AT,K,2004,10536.6,208789,18081.8
AT,K,2005,11017.5,212518,18616.7
AT,K,2006,11986.0,217683,19150.5
AT,K,2007,13143.4,218349,19693.4
AT,K,2008,13344.1,224978,20007.9
AT,K,2009,11957.3,222912,20086.4
AT,K,2010,12014.4,225178,20313.4
AT,K,2011,12933.4,226089,21277.4
AT,K,2012,12301.8,220847,21728.8
AT,K,2013,12861.4,218293,22089.5
AT,K,2014,12969.1,212054,22650.1
AT,K,2015,13499.8,206600,23371.0
AT,K,2016,13242.6,212080,23563.6
AT,K,2017,13764.6,199925,24086.3
AT,K,2018,14217.4,197413,25030.8
AT,K,2019,14836.8,203981,26467.9
AT,K,2020,14659.1,198249,28101.5
AT,K,2021,16731.9,201049,30663.7
AT,K,2022,18202.0,195884,33713.6
AT,K,2023,21769.3,194021,36181.3
DE,K,2000,81120.0,2032194,136364.0
DE,K,2001,83222.0,2026837,135304.0
DE,K,2002,90726.0,2019540,132919.0
DE,K,2003,101168.0,1981440,129365.0
DE,K,2004,114215.0,1961179,130255.0
DE,K,2005,112020.0,1941929,129424.0
DE,K,2006,111765.0,1964313,126551.0
DE,K,2007,105857.0,1915059,127604.0
DE,K,2008,98179.0,1881058,128803.0
DE,K,2009,110761.0,1852012,129388.0
DE,K,2010,115367.0,1850520,131812.0
DE,K,2011,118868.0,1826257,136865.0
DE,K,2012,121913.0,1800487,140959.0
DE,K,2013,119300.0,1789568,145068.0
DE,K,2014,120155.0,1777723,149113.0
DE,K,2015,124832.0,1771963,153615.0
DE,K,2016,122325.0,1741613,154351.0
DE,K,2017,121140.0,1682489,160683.0
DE,K,2018,120446.0,1625658,167490.0
DE,K,2019,125949.0,1603107,174053.0
DE,K,2020,128334.0,1559777,180132.0
DE,K,2021,138836.0,1592568,195362.0
DE,K,2022,135040.0,1556795,223894.0
DE,K,2023,149169.0,1559041,238900.0
ES,K,2000,25383.0,620645,38368.0
ES,K,2001,29787.0,617839,40505.0
ES,K,2002,31761.0,628744,41629.0
ES,K,2003,32816.0,629359,44035.0
ES,K,2004,35212.0,632755,47567.0
ES,K,2005,37445.0,641538,50355.0
ES,K,2006,41527.0,666451,55317.0
ES,K,2007,47932.0,686572,55513.0
ES,K,2008,52201.0,701955,58788.0
ES,K,2009,55356.0,685223,62859.0
ES,K,2010,41244.0,669106,64118.0
ES,K,2011,38944.0,651956,66364.0
ES,K,2012,40135.0,635156,57305.0
ES,K,2013,33670.0,607274,54171.0
ES,K,2014,36682.0,595672,54435.0
ES,K,2015,37138.0,582200,56145.0
ES,K,2016,39036.0,592569,57668.0
ES,K,2017,40551.0,586494,57652.0
ES,K,2018,44539.0,586525,55503.0
ES,K,2019,43851.0,605510,53174.0
ES,K,2020,45965.0,603287,55184.0
ES,K,2021,46505.0,614290,56461.0
ES,K,2022,52948.0,582298,60168.0
ES,K,2023,73730.0,592878,60893.0
NL,K,2000,29670.0,433340,46929.0
NL,K,2001,32053.0,431913,50773.0
NL,K,2002,33803.0,429078,52446.0
NL,K,2003,35672.0,417906,52706.0
NL,K,2004,36164.0,414089,52227.0
NL,K,2005,37327.0,406950,51692.0
NL,K,2006,37104.0,422071,51968.0
NL,K,2007,37202.0,423180,50975.0
NL,K,2008,36978.0,415144,51741.0
NL,K,2009,44177.0,407076,52582.0
NL,K,2010,51454.0,393880,51249.0
NL,K,2011,51549.0,388407,49625.0
NL,K,2012,54017.0,376898,47832.0
NL,K,2013,52022.0,368309,46561.0
NL,K,2014,55231.0,358857,44089.0
NL,K,2015,54915.0,347202,41903.0
NL,K,2016,52353.0,340308,41812.0
NL,K,2017,50940.0,326809,42926.0
NL,K,2018,50410.0,319927,44483.0
NL,K,2019,51649.0,318770,46818.0
NL,K,2020,52838.0,321693,49625.0
NL,K,2021,51072.0,328285,51835.0
NL,K,2022,51766.0,334717,55739.0
NL,K,2023,48271.0,340985,56761.0
PT,K,2000,6529.0,173657,8548.1
PT,K,2001,7607.2,163987,9183.0
PT,K,2002,7767.3,160386,10145.2
PT,K,2003,8215.0,155616,10690.0
PT,K,2004,8800.5,152658,11546.1
PT,K,2005,9008.2,152570,12031.2
PT,K,2006,10669.7,156071,13489.2
PT,K,2007,11674.0,162829,14362.0
PT,K,2008,12601.9,162215,15712.3
PT,K,2009,10955.1,168092,15846.6
PT,K,2010,10367.9,172509,16131.1
PT,K,2011,10755.4,174228,16064.9
PT,K,2012,9214.2,169617,15411.2
PT,K,2013,8203.3,166909,15104.6
PT,K,2014,7948.2,162331,14416.4
PT,K,2015,7861.2,156822,13243.9
PT,K,2016,8084.5,155016,12937.8
PT,K,2017,7968.0,150678,12573.4
PT,K,2018,8363.7,151669,12370.0
PT,K,2019,8909.7,155923,12152.6
PT,K,2020,9255.8,155130,12377.4
PT,K,2021,9604.2,155835,12457.9
PT,K,2022,11430.9,156554,12966.6
PT,K,2023,16582.6,158629,12831.2
AT,L,2000,14161.4,94808,324877.6
AT,L,2001,14751.9,89519,337102.3
AT,L,2002,15526.6,90499,348304.5
AT,L,2003,16298.2,98758,366220.1
AT,L,2004,17878.3,97568,382489.4
AT,L,2005,19488.5,112023,400021.9
AT,L,2006,20557.6,105630,422270.0
AT,L,2007,21233.7,112302,450464.7
AT,L,2008,21635.5,118234,476689.8
AT,L,2009,22145.5,113348,496613.3
AT,L,2010,23108.6,114799,518903.5
AT,L,2011,24341.9,113207,543316.4
AT,L,2012,25436.7,118908,565168.4
AT,L,2013,26676.5,116319,584700.9
AT,L,2014,27715.8,113452,603593.1
AT,L,2015,28934.9,113070,623528.3
AT,L,2016,30097.2,111291,644749.9
AT,L,2017,31749.8,110888,669862.3
AT,L,2018,33180.2,119891,699910.9
AT,L,2019,34265.4,120782,731485.5
AT,L,2020,35353.5,113191,777932.2
AT,L,2021,35461.4,118562,864580.0
AT,L,2022,36487.1,116742,947628.0
AT,L,2023,40253.1,114983,991478.6
DE,L,2000,206688.0,632507,3335140.0
DE,L,2001,217079.0,622242,3394420.0
DE,L,2002,223394.0,611463,3441043.0
DE,L,2003,223920.0,602916,3490903.0
DE,L,2004,225336.0,600354,3576529.0
DE,L,2005,232110.0,598447,3651019.0
DE,L,2006,245382.0,620334,3770692.0
DE,L,2007,257835.0,622034,4034691.0
DE,L,2008,267636.0,618635,4193647.0
DE,L,2009,263427.0,594505,4272261.0
DE,L,2010,264734.0,598952,4360409.0
DE,L,2011,281022.0,589440,4550836.0
DE,L,2012,276608.0,585304,4746520.0
DE,L,2013,287595.0,583427,4929694.0
DE,L,2014,293879.0,585633,5092553.0
DE,L,2015,304542.0,579409,5225776.0
DE,L,2016,311455.0,578423,5386058.0
DE,L,2017,317987.0,586683,5603505.0
DE,L,2018,322425.0,588646,5901879.0
DE,L,2019,329105.0,588254,6193512.0
DE,L,2020,333172.0,570034,6362744.0
DE,L,2021,339710.0,602344,6966552.0
DE,L,2022,346060.0,633267,8071382.0
DE,L,2023,374433.0,650696,8735333.0
ES,L,2000,36664.0,184822,918631.0
ES,L,2001,39986.0,198548,1010238.0
ES,L,2002,46126.0,214631,1117805.0
ES,L,2003,52404.0,239268,1249136.0
ES,L,2004,60041.0,256871,1402338.0
ES,L,2005,69288.0,283168,1567980.0
ES,L,2006,79190.0,322119,1717301.0
ES,L,2007,92356.0,333868,1813782.0
ES,L,2008,98859.0,355878,1810598.0
ES,L,2009,97197.0,323505,1775436.0
ES,L,2010,109377.0,316738,1731073.0
ES,L,2011,115567.0,313558,1594775.0
ES,L,2012,118011.0,296044,1442786.0
ES,L,2013,122453.0,272319,1381737.0
ES,L,2014,121851.0,294388,1424186.0
ES,L,2015,119749.0,311901,1469203.0
ES,L,2016,121874.0,336005,1503791.0
ES,L,2017,124735.0,347382,1541120.0
ES,L,2018,129739.0,381970,1607946.0
ES,L,2019,133936.0,396008,1674915.0
ES,L,2020,134806.0,373478,1753290.0
ES,L,2021,138045.0,408809,1922412.0
ES,L,2022,146180.0,452649,2116465.0
ES,L,2023,159783.0,462905,2228370.0
NL,L,2000,32538.0,102961,571432.0
NL,L,2001,26756.0,105073,625126.0
NL,L,2002,28919.0,108626,678821.0
NL,L,2003,31680.0,108606,724700.0
NL,L,2004,34306.0,111418,763074.0
NL,L,2005,35314.0,111577,800322.0
NL,L,2006,40557.0,112363,849861.0
NL,L,2007,45644.0,116376,890552.0
NL,L,2008,46840.0,120196,940520.0
NL,L,2009,37445.0,120515,989863.0
NL,L,2010,35788.0,115590,1013271.0
NL,L,2011,36613.0,114898,993668.0
NL,L,2012,31700.0,111185,977160.0
NL,L,2013,33630.0,110194,964319.0
NL,L,2014,35816.0,108805,942709.0
NL,L,2015,36277.0,107768,922222.0
NL,L,2016,37535.0,109034,932610.0
NL,L,2017,41501.0,111350,947405.0
NL,L,2018,45337.0,111533,1007844.0
NL,L,2019,46104.0,112188,1080374.0
NL,L,2020,47533.0,111895,1163758.0
NL,L,2021,50712.0,115667,1255072.0
NL,L,2022,61450.0,117471,1354889.0
NL,L,2023,75564.0,119769,1441333.0
PT,L,2000,8595.0,79502,188486.9
PT,L,2001,8798.4,74854,200052.1
PT,L,2002,9679.7,72735,211807.6
PT,L,2003,10456.7,72807,219565.7
PT,L,2004,10940.7,69457,231119.0
PT,L,2005,11922.3,71502,243368.1
PT,L,2006,12484.4,71868,257466.2
PT,L,2007,13958.2,80005,266840.4
PT,L,2008,14671.9,80127,280420.9
PT,L,2009,15243.6,78613,276542.8
PT,L,2010,16723.4,79213,287509.1
PT,L,2011,16538.2,75171,282823.4
PT,L,2012,17376.0,69435,261355.9
PT,L,2013,18578.3,69444,253453.3
PT,L,2014,18862.5,72854,256965.1
PT,L,2015,19100.2,78815,257558.7
PT,L,2016,20173.9,89148,262903.6
PT,L,2017,21214.2,101132,274496.5
PT,L,2018,22163.3,111920,291696.7
PT,L,2019,23260.5,117358,306398.3
PT,L,2020,23562.4,113072,320529.7
PT,L,2021,24399.8,120939,341375.4
PT,L,2022,25585.5,135737,371673.0
PT,L,2023,24767.1,144267,399779.3
AT,TOTAL,2000,189418.9,6749594,696587.1
AT,TOTAL,2001,195976.8,6746731,717465.8
AT,TOTAL,2002,200708.4,6730279,735841.7
AT,TOTAL,2003,205864.5,6741645,763714.0
AT,TOTAL,2004,214252.0,6793307,794059.9
AT,TOTAL,2005,224194.7,6779468,826964.0
AT,TOTAL,2006,237133.7,6831827,867016.1
AT,TOTAL,2007,251596.6,6915056,918088.9
AT,TOTAL,2008,260417.8,7018097,965235.8
AT,TOTAL,2009,254814.8,6790828,998938.0
AT,TOTAL,2010,261615.0,6814810,1036044.2
AT,TOTAL,2011,274204.3,6946302,1080872.6
AT,TOTAL,2012,281072.7,6916348,1120395.0
AT,TOTAL,2013,285327.0,6883846,1154505.5
AT,TOTAL,2014,293480.3,6916021,1185301.1
AT,TOTAL,2015,303845.6,6863767,1217227.9
AT,TOTAL,2016,315923.9,7011041,1254859.9
AT,TOTAL,2017,326371.6,7080960,1299363.5
AT,TOTAL,2018,341351.6,7225844,1354340.3
AT,TOTAL,2019,352742.6,7344462,1412069.3
AT,TOTAL,2020,340529.9,6696917,1482375.2
AT,TOTAL,2021,362536.8,7028656,1618318.7
AT,TOTAL,2022,402767.1,7209012,1760431.9
AT,TOTAL,2023,429634.3,7254303,1843921.9
DE,TOTAL,2000,1915279.0,58546226,6828637.0
DE,TOTAL,2001,1977509.0,58097389,6936398.0
DE,TOTAL,2002,2003527.0,57461348,6982405.0
DE,TOTAL,2003,2015904.0,56634570,7028754.0
DE,TOTAL,2004,2069017.0,56797160,7151138.0
DE,TOTAL,2005,2095171.0,56304911,7252313.0
DE,TOTAL,2006,2184869.0,57527471,7448841.0
DE,TOTAL,2007,2275687.0,58562791,7888203.0
DE,TOTAL,2008,2316889.0,59107021,8194705.0
DE,TOTAL,2009,2223746.0,57541115,8304415.0
DE,TOTAL,2010,2341162.0,58581224,8456371.0
DE,TOTAL,2011,2451563.0,59328001,8736720.0
DE,TOTAL,2012,2499101.0,59143211,9012325.0
DE,TOTAL,2013,2555938.0,59148407,9263691.0
DE,TOTAL,2014,2662091.0,59858672,9514952.0
DE,TOTAL,2015,2753317.0,60460401,9740895.0
DE,TOTAL,2016,2852146.0,60978246,9980351.0
DE,TOTAL,2017,2977318.0,61483908,10363449.0
DE,TOTAL,2018,3069316.0,61964170,10883925.0
DE,TOTAL,2019,3161673.0,62141255,11375538.0
DE,TOTAL,2020,3100097.0,59065847,11651450.0
DE,TOTAL,2021,3294085.0,60410139,12540869.0
DE,TOTAL,2022,3591874.0,61297006,14363248.0
DE,TOTAL,2023,3853937.0,61496006,15445693.0
ES,TOTAL,2000,588595.0,29326206,2273659.0
ES,TOTAL,2001,638972.0,30469189,2471180.0
ES,TOTAL,2002,683365.0,31248173,2691038.0
ES,TOTAL,2003,728182.0,32072816,2955513.0
ES,TOTAL,2004,775872.0,32965055,3266007.0
ES,TOTAL,2005,833031.0,34029987,3605758.0
ES,TOTAL,2006,898262.0,35211548,3925814.0
ES,TOTAL,2007,970997.0,36095061,4166980.0
ES,TOTAL,2008,1025304.0,36338856,4237943.0
ES,TOTAL,2009,1005567.0,34168083,4223455.0
ES,TOTAL,2010,989756.0,33392886,4227193.0
ES,TOTAL,2011,984997.0,32685721,4108530.0
ES,TOTAL,2012,953037.0,31111891,3923870.0
ES,TOTAL,2013,937641.0,30228796,3835475.0
ES,TOTAL,2014,946493.0,30543000,3878070.0
ES,TOTAL,2015,987936.0,31458249,3948021.0
ES,TOTAL,2016,1019400.0,32261468,4026184.0
ES,TOTAL,2017,1061122.0,32952217,4129727.0
ES,TOTAL,2018,1097845.0,33765616,4259460.0
ES,TOTAL,2019,1137968.0,34348535,4369824.0
ES,TOTAL,2020,1030964.0,30576946,4530544.0
ES,TOTAL,2021,1118595.0,32787923,4927896.0
ES,TOTAL,2022,1254715.0,34448678,5293095.0
ES,TOTAL,2023,1366751.0,35369626,5488022.0
NL,TOTAL,2000,405973.0,12103363,1298840.0
NL,TOTAL,2001,430475.0,12260221,1395647.0
NL,TOTAL,2002,449144.0,12197711,1486453.0
NL,TOTAL,2003,459576.0,12054997,1554717.0
NL,TOTAL,2004,473572.0,12092734,1607611.0
NL,TOTAL,2005,492241.0,12053974,1662594.0
NL,TOTAL,2006,522057.0,12283167,1742985.0
NL,TOTAL,2007,554653.0,12634571,1826615.0
NL,TOTAL,2008,580170.0,12834608,1922318.0
NL,TOTAL,2009,564180.0,12646511,1996482.0
NL,TOTAL,2010,575705.0,12555250,2042990.0
NL,TOTAL,2011,589169.0,12661903,2043784.0
NL,TOTAL,2012,593115.0,12549475,2044924.0
NL,TOTAL,2013,598320.0,12439253,2050390.0
NL,TOTAL,2014,609309.0,12523791,2034706.0
NL,TOTAL,2015,627626.0,12623528,2045116.0
NL,TOTAL,2016,644312.0,12927763,2063601.0
NL,TOTAL,2017,671934.0,13228217,2105222.0
NL,TOTAL,2018,703557.0,13583155,2202593.0
NL,TOTAL,2019,739508.0,13943543,2325638.0
NL,TOTAL,2020,726149.0,13353961,2446750.0
NL,TOTAL,2021,791730.0,13974568,2596438.0
NL,TOTAL,2022,888174.0,14511190,2810908.0
NL,TOTAL,2023,944801.0,14710313,2972481.0
PT,TOTAL,2000,112482.8,9683202,358250.5
PT,TOTAL,2001,119059.0,9767341,383889.2
PT,TOTAL,2002,124675.0,9769342,409071.6
PT,TOTAL,2003,127682.6,9639132,428046.2
PT,TOTAL,2004,133071.7,9602129,452410.5
PT,TOTAL,2005,137401.0,9568468,477638.1
PT,TOTAL,2006,143475.0,9546496,506543.7
PT,TOTAL,2007,152061.8,9634638,529887.4
PT,TOTAL,2008,156036.8,9603284,562682.3
PT,TOTAL,2009,155410.3,9343718,560387.6
PT,TOTAL,2010,158032.3,9224524,581156.2
PT,TOTAL,2011,154178.0,8918626,580869.1
PT,TOTAL,2012,147300.5,8453116,558082.7
PT,TOTAL,2013,149851.5,8257205,545712.2
PT,TOTAL,2014,151138.9,8421756,549338.3
PT,TOTAL,2015,156080.7,8577921,550704.3
PT,TOTAL,2016,161745.0,8757435,559689.7
PT,TOTAL,2017,169071.4,8993236,578818.5
PT,TOTAL,2018,177157.3,9261851,608081.1
PT,TOTAL,2019,185473.9,9362594,633735.1
PT,TOTAL,2020,175104.3,8594651,653462.0
PT,TOTAL,2021,187361.5,8980701,695621.7
PT,TOTAL,2022,211027.9,9536365,767142.7
PT,TOTAL,2023,235589.3,9998768,814319.1
